{"\u6210\u534e\u533a": {"water_quality": 0.5616900200006428, "water_index": 0.02413381555153707, "rivers_num": 5, "rivers_area": 2171700, "lakes_num": 3, "lakes_area": 497500, "others_area": 0, "others_num": 0, "pollution_area": 1499600, "pollution_num": 3}, "\u5d07\u5dde\u5e02": {"water_quality": 1.6543244961349806, "water_index": 0.007427522935779816, "rivers_num": 9, "rivers_area": 7163900, "lakes_num": 0, "lakes_area": 0, "others_area": 932100, "others_num": 4, "pollution_area": 13402100, "pollution_num": 19}, "\u5927\u9091\u53bf": {"water_quality": 2.620645263737404, "water_index": 0.004290762273901808, "rivers_num": 7, "rivers_area": 4395100, "lakes_num": 0, "lakes_area": 0, "others_area": 2247000, "others_num": 2, "pollution_area": 17418500, "pollution_num": 23}, "\u90fd\u6c5f\u5830\u5e02": {"water_quality": 0.13804450135950883, "water_index": 0.00603501655629139, "rivers_num": 6, "rivers_area": 6956100, "lakes_num": 1, "lakes_area": 334200, "others_area": 0, "others_num": 0, "pollution_area": 1006800, "pollution_num": 3}, "\u9ad8\u65b0\u533a": {"water_quality": 2.0021333601770386, "water_index": 0.0006399673735725938, "rivers_num": 2, "rivers_area": 392300, "lakes_num": 0, "lakes_area": 0, "others_area": 0, "others_num": 0, "pollution_area": 785700, "pollution_num": 4}, "\u7b80\u9633\u5e02": {"water_quality": 1.3509842603117876, "water_index": 0.02016200587305173, "rivers_num": 13, "rivers_area": 27036200, "lakes_num": 27, "lakes_area": 17521500, "others_area": 70900, "others_num": 2, "pollution_area": 60320800, "pollution_num": 126}, "\u91d1\u725b\u533a": {"water_quality": 0.0, "water_index": 0.00912962962962963, "rivers_num": 7, "rivers_area": 986000, "lakes_num": 0, "lakes_area": 0, "others_area": 0, "others_num": 0, "pollution_area": 0, "pollution_num": 0}, "\u91d1\u5802\u53bf": {"water_quality": 2.282224040596882, "water_index": 0.014517906574394463, "rivers_num": 8, "rivers_area": 10885800, "lakes_num": 7, "lakes_area": 441000, "others_area": 5455900, "others_num": 11, "pollution_area": 38311900, "pollution_num": 68}, "\u9526\u6c5f\u533a": {"water_quality": 1.3393170977324265, "water_index": 0.025268324607329844, "rivers_num": 3, "rivers_area": 852100, "lakes_num": 1, "lakes_area": 692300, "others_area": 0, "others_num": 0, "pollution_area": 2068800, "pollution_num": 4}, "\u9f99\u6cc9\u9a7f\u533a": {"water_quality": 0.9638367702800397, "water_index": 0.0030046678635547576, "rivers_num": 2, "rivers_area": 448500, "lakes_num": 9, "lakes_area": 1225100, "others_area": 0, "others_num": 0, "pollution_area": 1614300, "pollution_num": 15}, "\u5f6d\u5dde\u5e02": {"water_quality": 0.07890374183987861, "water_index": 0.002093877551020408, "rivers_num": 7, "rivers_area": 1014800, "lakes_num": 5, "lakes_area": 1960600, "others_area": 0, "others_num": 0, "pollution_area": 234900, "pollution_num": 5}, "\u90eb\u90fd\u533a": {"water_quality": 0.0, "water_index": 0.004880821917808219, "rivers_num": 9, "rivers_area": 2052800, "lakes_num": 3, "lakes_area": 85000, "others_area": 0, "others_num": 0, "pollution_area": 0, "pollution_num": 0}, "\u84b2\u6c5f\u53bf": {"water_quality": 0.38164803207031694, "water_index": 0.010253275862068966, "rivers_num": 3, "rivers_area": 5343100, "lakes_num": 4, "lakes_area": 584600, "others_area": 19200, "others_num": 1, "pollution_area": 2271000, "pollution_num": 7}, "\u9752\u767d\u6c5f\u533a": {"water_quality": 2.1949149452675263, "water_index": 0.011610281311025492, "rivers_num": 2, "rivers_area": 2765900, "lakes_num": 1, "lakes_area": 158500, "others_area": 1475200, "others_num": 3, "pollution_area": 9660700, "pollution_num": 15}, "\u9752\u7f8a\u533a": {"water_quality": 0.6042786168456054, "water_index": 0.014268220714074948, "rivers_num": 5, "rivers_area": 931000, "lakes_num": 2, "lakes_area": 36100, "others_area": 0, "others_num": 0, "pollution_area": 584600, "pollution_num": 6}, "\u909b\u5d03\u5e02": {"water_quality": 0.36680448666706517, "water_index": 0.0084125, "rivers_num": 6, "rivers_area": 9662100, "lakes_num": 7, "lakes_area": 1980800, "others_area": 0, "others_num": 0, "pollution_area": 4273400, "pollution_num": 21}, "\u53cc\u6d41\u533a": {"water_quality": 1.9321829434000022, "water_index": 0.0143, "rivers_num": 5, "rivers_area": 4666600, "lakes_num": 3, "lakes_area": 233900, "others_area": 1763300, "others_num": 5, "pollution_area": 12881500, "pollution_num": 31}, "\u5929\u5e9c\u65b0\u533a": {"water_quality": 1.9857438945817878, "water_index": 0.022193971631205674, "rivers_num": 14, "rivers_area": 7428000, "lakes_num": 5, "lakes_area": 4020500, "others_area": 1068900, "others_num": 6, "pollution_area": 24863900, "pollution_num": 67}, "\u6e29\u6c5f\u533a": {"water_quality": 0.38186512697428976, "water_index": 0.005452707581227437, "rivers_num": 2, "rivers_area": 1510400, "lakes_num": 0, "lakes_area": 0, "others_area": 0, "others_num": 0, "pollution_area": 577100, "pollution_num": 6}, "\u6b66\u4faf\u533a": {"water_quality": 0.0784659418602627, "water_index": 0.009135318704284221, "rivers_num": 4, "rivers_area": 699400, "lakes_num": 0, "lakes_area": 0, "others_area": 0, "others_num": 0, "pollution_area": 54900, "pollution_num": 3}, "\u65b0\u90fd\u533a": {"water_quality": 0.6247784910884575, "water_index": 0.005335211267605634, "rivers_num": 5, "rivers_area": 1940700, "lakes_num": 0, "lakes_area": 0, "others_area": 710900, "others_num": 5, "pollution_area": 1657500, "pollution_num": 14}, "\u65b0\u6d25\u53bf": {"water_quality": 0, "water_index": 0.00928969696969697, "rivers_num": 0, "rivers_area": 0, "lakes_num": 0, "lakes_area": 0, "others_area": 3065600, "others_num": 4, "pollution_area": 6954400, "pollution_num": 6}}