{"\u6210\u534e\u533a": {"water_quality": 0.6956106334427865, "water_index": 0.31924725374134394, "rivers_num": 5, "rivers_area": 1295100, "lakes_num": 12, "lakes_area": 1185400, "pollution_area": 114700, "pollution_num": 0, "pollution_qualti": 0.7091182714082792, "tatal_num": 22}, "\u5d07\u5dde\u5e02": {"water_quality": 0.1481204643940556, "water_index": 0.291092788424452, "rivers_num": 1, "rivers_area": 1524100, "lakes_num": 93, "lakes_area": 21474000, "pollution_area": 20600, "pollution_num": 0, "pollution_qualti": 0.6439558012986075, "tatal_num": 95}, "\u5927\u9091\u53bf": {"water_quality": 0.14356023937962692, "water_index": 0.09842645137244341, "rivers_num": 1, "rivers_area": 4252500, "lakes_num": 95, "lakes_area": 7901900, "pollution_area": 21200, "pollution_num": 0, "pollution_qualti": 0.6076338196429852, "tatal_num": 97}, "\u90fd\u6c5f\u5830\u5e02": {"water_quality": 0.13539391641027465, "water_index": 0.41180146609479934, "rivers_num": 6, "rivers_area": 15103700, "lakes_num": 57, "lakes_area": 16829500, "pollution_area": 0, "pollution_num": 0, "pollution_qualti": 0.605024742203007, "tatal_num": 85}, "\u9ad8\u65b0\u533a": {"water_quality": 0.21707886514567926, "water_index": 0.07270094763353908, "rivers_num": 2, "rivers_area": 1703700, "lakes_num": 11, "lakes_area": 1079800, "pollution_area": 17500, "pollution_num": 0, "pollution_qualti": 0.7197741510737061, "tatal_num": 18}, "\u7b80\u9633\u5e02": {"water_quality": 0.14994457952580956, "water_index": 0.8697032448391409, "rivers_num": 2, "rivers_area": 29453700, "lakes_num": 518, "lakes_area": 78971000, "pollution_area": 39300, "pollution_num": 0, "pollution_qualti": 0.6604048477241339, "tatal_num": 539}, "\u91d1\u725b\u533a": {"water_quality": 0.7383153439534165, "water_index": 0.27043683194315415, "rivers_num": 6, "rivers_area": 1973200, "lakes_num": 3, "lakes_area": 195000, "pollution_area": 30100, "pollution_num": 0, "pollution_qualti": 0.7314817402818801, "tatal_num": 25}, "\u91d1\u5802\u53bf": {"water_quality": 0.2139650191766877, "water_index": 0.8690688643881207, "rivers_num": 4, "rivers_area": 21059000, "lakes_num": 489, "lakes_area": 35501200, "pollution_area": 190000, "pollution_num": 0, "pollution_qualti": 0.6721603689429273, "tatal_num": 499}, "\u9526\u6c5f\u533a": {"water_quality": 0.15932724161348172, "water_index": 0.869635767713109, "rivers_num": 3, "rivers_area": 2042900, "lakes_num": 11, "lakes_area": 950600, "pollution_area": 0, "pollution_num": 0, "pollution_qualti": 0.7246913682190422, "tatal_num": 19}, "\u9f99\u6cc9\u9a7f\u533a": {"water_quality": 0.16652393404330137, "water_index": 0.3234165004165788, "rivers_num": 3, "rivers_area": 3205700, "lakes_num": 82, "lakes_area": 9393000, "pollution_area": 22000, "pollution_num": 0, "pollution_qualti": 0.6969513125928529, "tatal_num": 91}, "\u5f6d\u5dde\u5e02": {"water_quality": 0.15282142784642083, "water_index": 0.17643913185205917, "rivers_num": 7, "rivers_area": 13046200, "lakes_num": 68, "lakes_area": 7691000, "pollution_area": 13600, "pollution_num": 0, "pollution_qualti": 0.6695023985777482, "tatal_num": 100}, "\u90eb\u90fd\u533a": {"water_quality": 0.1399111641741574, "water_index": 0.45004168240928244, "rivers_num": 9, "rivers_area": 10198800, "lakes_num": 44, "lakes_area": 2063000, "pollution_area": 6600, "pollution_num": 0, "pollution_qualti": 0.5921636928683628, "tatal_num": 97}, "\u84b2\u6c5f\u53bf": {"water_quality": 0.15309032088448687, "water_index": 0.3920080395389315, "rivers_num": 1, "rivers_area": 4770400, "lakes_num": 97, "lakes_area": 10084100, "pollution_area": 27300, "pollution_num": 0, "pollution_qualti": 0.6285333322502958, "tatal_num": 107}, "\u9752\u767d\u6c5f\u533a": {"water_quality": 0.4449096745848331, "water_index": 0.293663181928998, "rivers_num": 3, "rivers_area": 4371800, "lakes_num": 93, "lakes_area": 3670600, "pollution_area": 125000, "pollution_num": 0, "pollution_qualti": 0.71694566373122, "tatal_num": 101}, "\u9752\u7f8a\u533a": {"water_quality": 0.7456511708933976, "water_index": 0.4092135500459051, "rivers_num": 4, "rivers_area": 1695300, "lakes_num": 2, "lakes_area": 89200, "pollution_area": 24500, "pollution_num": 0, "pollution_qualti": 0.6548497733917304, "tatal_num": 10}, "\u909b\u5d03\u5e02": {"water_quality": 0.23146268000371772, "water_index": 0.37215809205934275, "rivers_num": 6, "rivers_area": 23644200, "lakes_num": 200, "lakes_area": 10637900, "pollution_area": 253600, "pollution_num": 0, "pollution_qualti": 0.6393135947614371, "tatal_num": 221}, "\u53cc\u6d41\u533a": {"water_quality": 0.19112666818605478, "water_index": 0.46648808460255536, "rivers_num": 4, "rivers_area": 8152800, "lakes_num": 76, "lakes_area": 5201600, "pollution_area": 58800, "pollution_num": 0, "pollution_qualti": 0.6642001758422337, "tatal_num": 89}, "\u5929\u5e9c\u65b0\u533a": {"water_quality": 0.16956458013312875, "water_index": 0.8203425791901622, "rivers_num": 4, "rivers_area": 8680700, "lakes_num": 190, "lakes_area": 16804600, "pollution_area": 44700, "pollution_num": 0, "pollution_qualti": 0.6777701747076771, "tatal_num": 209}, "\u6e29\u6c5f\u533a": {"water_quality": 0.13124499204352974, "water_index": 0.6368032975929242, "rivers_num": 4, "rivers_area": 9339500, "lakes_num": 18, "lakes_area": 525900, "pollution_area": 0, "pollution_num": 0, "pollution_qualti": 0.5842801203692825, "tatal_num": 42}, "\u6b66\u4faf\u533a": {"water_quality": 0.941213826486743, "water_index": 0.17290494455357963, "rivers_num": 6, "rivers_area": 1095800, "lakes_num": 0, "lakes_area": 2700, "pollution_area": 43100, "pollution_num": 0, "pollution_qualti": 0.7293191662652981, "tatal_num": 12}, "\u65b0\u90fd\u533a": {"water_quality": 0.15596590332763283, "water_index": 0.29454724193978293, "rivers_num": 6, "rivers_area": 7199900, "lakes_num": 46, "lakes_area": 3369300, "pollution_area": 0, "pollution_num": 0, "pollution_qualti": 0.7078846767897978, "tatal_num": 71}, "\u65b0\u6d25\u53bf": {"water_quality": 0.14184384415421064, "water_index": 0.9860247553969862, "rivers_num": 2, "rivers_area": 10502900, "lakes_num": 82, "lakes_area": 13443200, "pollution_area": 0, "pollution_num": 0, "pollution_qualti": 0.6372743809226868, "tatal_num": 89}}