{"贵阳市":[106.71348,26.578342],"长春市":[125.3245,43.88684],"常德市":[111.691345,29.040224],"咸宁市":[114.328964,29.832798],"江门市":[113.09494,22.590431],"定西市":[104.6263,35.57958],"新竹县":[121.16,24.6],"海北藏族自治州":[100.90106,36.959435],"吴忠市":[106.19941,37.986164],"黑河市":[127.49902,50.249584],"台中市":[120.67904,24.13862],"临高县":[109.6877,19.908293],"吉安市":[114.986374,27.111698],"南投县":[120.83,23.83],"鸡西市":[130.97597,45.300045],"迪庆藏族自治州":[99.70647,27.826853],"金华市":[119.649506,29.089523],"大连市":[121.61862,38.91459],"陇南市":[104.92938,33.3886],"湘西土家族苗族自治州":[109.73974,28.314297],"河池市":[108.0621,24.695898],"伊春市":[128.8994,47.724773],"台南市":[120.279366,23.172478],"克孜勒苏柯尔克孜自治州":[76.17283,39.713432],"衡阳市":[112.6077,26.900358],"遂宁市":[105.57133,30.513311],"三明市":[117.635,26.265444],"阿里地区":[80.1055,32.503185],"包头市":[109.84041,40.65817],"开封市":[114.341446,34.79705],"黄石市":[115.07705,30.220074],"普洱市":[100.97234,22.77732],"聊城市":[115.98037,36.456013],"荆州市":[112.23813,30.326857],"资阳市":[104.641914,30.122211],"台东县":[120.916,23.0],"长治市":[113.113556,36.191113],"玉溪市":[102.54391,24.35046],"延安市":[109.49081,36.59654],"襄阳市":[112.14415,32.042427],"福州市":[119.30624,26.075302],"兰州市":[103.823555,36.05804],"云林县":[120.25,23.75],"忻州市":[112.733536,38.41769],"潜江市":[112.896866,30.421215],"威海市":[122.116394,37.50969],"东莞市":[113.76023,23.048883],"朔州市":[112.43339,39.33126],"长沙市":[112.98228,28.19409],"宜春市":[114.391136,27.8043],"焦作市":[113.238266,35.23904],"昌江黎族自治县":[109.05335,19.260967],"辽阳市":[123.18152,41.2694],"阿坝藏族羌族自治州":[102.221375,31.899792],"烟台市":[121.39138,37.539295],"贺州市":[111.552055,24.41414],"德宏傣族景颇族自治州":[98.57836,24.436693],"晋中市":[112.736465,37.696495],"舟山群岛新区":[122.31766,29.813242],"哈密市":[93.51316,42.83325],"鹤壁市":[114.29544,35.748238],"桂林市":[110.29912,25.274216],"吐鲁番市":[89.184074,42.947613],"乌兰察布市":[113.11454,41.034126],"营口市":[122.23515,40.66743],"德州市":[116.30743,37.453968],"博尔塔拉蒙古自治州":[82.074776,44.90326],"东营市":[118.4963,37.461266],"文昌市":[110.753975,19.612986],"湛江市":[110.405525,21.195337],"阳江市":[111.975105,21.859222],"延边朝鲜族自治州":[129.51323,42.904823],"河源市":[114.6978,23.746265],"鹰潭市":[117.03384,28.238638],"榆林市":[109.741196,38.29016],"五指山市":[109.51666,18.77692],"保亭黎族苗族自治县":[109.70245,18.636372],"屏东县":[120.48793,22.682802],"九龙":[114.17495,22.327114],"秦皇岛市":[119.58658,39.94253],"山南市":[91.766525,29.236023],"怀化市":[109.97824,27.550081],"亳州市":[115.782936,33.86934],"澳门半岛":[113.54913,22.198751],"安庆市":[117.05357,30.524817],"重庆市":[106.50496,29.533155],"基隆市":[121.74625,25.130741],"信阳市":[114.07503,32.123276],"随州市":[113.37377,31.717497],"新乡市":[113.88399,35.302616],"内江市":[105.06614,29.58708],"六安市":[116.507675,31.75289],"台北市":[121.56517,25.037798],"塔城地区":[82.98573,46.7463],"银川市":[106.278175,38.46637],"百色市":[106.61629,23.897741],"酒泉市":[98.510796,39.744022],"宁德市":[119.527084,26.65924],"湖州市":[120.1024,30.867199],"沈阳市":[123.42909,41.79677],"武汉市":[114.29857,30.584354],"阿勒泰地区":[88.13963,47.848392],"湘潭市":[112.92508,27.846725],"莆田市":[119.00756,25.431011],"洛阳市":[112.43447,34.66304],"廊坊市":[116.713875,39.529243],"泰安市":[117.12907,36.19497],"株洲市":[113.15173,27.835806],"钦州市":[108.624176,21.967127],"双河市":[82.35365,44.840523],"张家口市":[114.884094,40.8119],"宝鸡市":[107.14487,34.369316],"临夏回族自治州":[103.212006,35.599445],"许昌市":[113.826065,34.022957],"金昌市":[102.18789,38.514236],"天津市":[117.190186,39.125595],"汕尾市":[115.364235,22.774485],"张掖市":[100.455475,38.932896],"伊犁哈萨克自治州":[81.31795,43.92186],"吕梁市":[111.13434,37.524364],"商洛市":[109.93977,33.86832],"花莲县":[121.3,23.83],"菏泽市":[115.46938,35.246532],"林芝市":[94.36235,29.654694],"大兴安岭地区":[124.711525,52.335262],"崇左市":[107.35393,22.404108],"合肥市":[117.28304,31.86119],"铁岭市":[123.84428,42.290585],"通辽市":[122.26312,43.617428],"本溪市":[123.770515,41.29791],"德阳市":[104.39865,31.12799],"滨州市":[118.016975,37.38354],"黄冈市":[114.879364,30.447712],"三沙市":[112.34882,16.83104],"通化市":[125.9365,41.721176],"天门市":[113.16586,30.65306],"抚顺市":[123.92111,41.875957],"琼海市":[110.46678,19.246012],"赤峰市":[118.9568,42.27532],"泰州市":[119.91518,32.484882],"常州市":[119.946976,31.772753],"红河哈尼族彝族自治州":[103.384186,23.366776],"萍乡市":[113.85219,27.622946],"佛山市":[113.12272,23.028763],"保山市":[99.16713,25.111801],"南宁市":[108.32001,22.82402],"孝感市":[113.92666,30.926422],"昭通市":[103.71722,27.337],"北海市":[109.119255,21.473343],"澎湖县":[119.566414,23.569733],"北屯市":[87.80846,47.36231],"宜兰县":[121.5,24.6],"唐山市":[118.17539,39.635113],"阳泉市":[113.58328,37.861187],"文山壮族苗族自治州":[104.24401,23.36951],"新界":[114.20241,22.341766],"云浮市":[112.04444,22.929802],"自贡市":[104.773445,29.352764],"昆玉市":[79.918144,37.096413],"九江市":[115.99281,29.712034],"凉山彝族自治州":[102.25874,27.886763],"淮北市":[116.79466,33.971706],"杭州市":[120.15358,30.287458],"周口市":[114.64965,33.620358],"怒江傈僳族自治州":[98.8543,25.850948],"来宾市":[109.229774,23.733767],"潍坊市":[119.10708,36.70925],"桃园市":[121.083,25.0],"龙岩市":[117.02978,25.091602],"眉山市":[103.83179,30.048319],"锦州市":[121.13574,41.11927],"惠州市":[114.4126,23.079405],"丽江市":[100.233025,26.872108],"太原市":[112.54925,37.857014],"咸阳市":[108.70512,34.33344],"连江县":[119.5397,26.197365],"鞍山市":[122.99563,41.110626],"黄南藏族自治州":[102.01999,35.517742],"宁波市":[121.54979,29.868387],"图木舒克市":[79.07798,39.867317],"甘孜藏族自治州":[101.96381,30.050663],"济宁市":[116.58724,35.415394],"衢州市":[118.87263,28.941708],"渭南市":[109.502884,34.499382],"驻马店市":[114.024734,32.980167],"兴安盟":[122.07032,46.076267],"青岛市":[120.36956,36.094406],"运城市":[111.00396,35.022778],"池州市":[117.48916,30.656036],"张家界市":[110.47992,29.127401],"香港岛":[114.177315,22.266417],"嘉义市":[120.45254,23.481567],"郴州市":[113.03207,25.793589],"连云港市":[119.17882,34.600018],"七台河市":[131.01558,45.771267],"达州市":[107.50226,31.209484],"徐州市":[117.184814,34.26179],"绵阳市":[104.74172,31.46402],"阿拉善盟":[105.70642,38.844814],"厦门市":[118.11022,24.490475],"安阳市":[114.352486,36.103443],"乌鲁木齐市":[87.61773,43.792816],"安康市":[109.029274,32.6903],"五家渠市":[87.526886,44.1674],"邢台市":[114.50885,37.0682],"昌都市":[97.17845,31.136875],"遵义市":[106.93726,27.706627],"果洛藏族自治州":[100.24214,34.4736],"扬州市":[119.421005,32.393158],"嘉峪关市":[98.277306,39.78653],"可克达拉市":[80.62424,44.126965],"庆阳市":[107.638374,35.73422],"铜陵市":[117.816574,30.929935],"南昌市":[115.89215,28.676493],"牡丹江市":[129.6186,44.582962],"鄂州市":[114.890594,30.396536],"陵水黎族自治县":[110.03722,18.505007],"曲靖市":[103.79785,25.501556],"娄底市":[112.0085,27.728136],"新竹市":[120.968796,24.806738],"六盘水市":[104.84674,26.584642],"吉林市":[126.55302,43.84358],"临沧市":[100.08697,23.886566],"金门县":[118.317085,24.432707],"淮南市":[117.02545,32.645947],"郑州市":[113.66541,34.757977],"平凉市":[106.68469,35.54279],"衡水市":[115.66599,37.735096],"平顶山市":[113.30772,33.73524],"温州市":[120.67211,28.000574],"马鞍山市":[118.507904,31.689362],"苗栗县":[120.75,24.5],"天水市":[105.725,34.57853],"西宁市":[101.778915,36.623177],"丹东市":[124.38304,40.124294],"丽水市":[119.92178,28.451994],"潮州市":[116.6323,23.661701],"抚州市":[116.35835,27.98385],"恩施土家族苗族自治州":[109.48699,30.283113],"楚雄彝族自治州":[101.54604,25.041988],"屯昌县":[110.102776,19.362917],"柳州市":[109.411705,24.314617],"宿州市":[116.984085,33.633892],"阿克苏地区":[80.26507,41.17071],"石家庄市":[114.502464,38.045475],"珠海市":[113.55273,22.2559],"南阳市":[112.54092,32.99908],"台州市":[121.4286,28.661379],"承德市":[117.939156,40.976204],"哈尔滨市":[126.64246,45.756966],"鄂尔多斯市":[109.99029,39.81718],"赣州市":[114.94028,25.85097],"海西蒙古族藏族自治州":[97.37079,37.374664],"佳木斯市":[130.36163,46.809605],"漯河市":[114.026405,33.575855],"广元市":[105.82976,32.433666],"绥化市":[126.99293,46.637394],"海东市":[102.10327,36.502914],"梅州市":[116.117584,24.299112],"高雄市":[120.31192,22.620855],"南平市":[118.17846,26.635628],"白银市":[104.17361,36.54568],"邯郸市":[114.490685,36.612274],"景德镇市":[117.21466,29.29256],"巴音郭楞蒙古自治州":[86.15097,41.76855],"澄迈县":[110.00715,19.737095],"路环岛":[113.56486,22.116226],"汉中市":[107.02862,33.077667],"拉萨市":[91.13221,29.66036],"呼和浩特市":[111.6708,40.81831],"济源市":[112.59005,35.090378],"肇庆市":[112.47253,23.051546],"新北市":[121.465744,25.012365],"晋城市":[112.85127,35.497555],"白城市":[122.84111,45.619026],"大庆市":[125.11272,46.590733],"乐东黎族自治县":[109.175446,18.74758],"济南市":[117.00092,36.675808],"新余市":[114.93083,27.810835],"巴中市":[106.75367,31.858809],"苏州市":[120.61958,31.29938],"铜仁市":[109.19155,27.718346],"神农架林区":[110.671524,31.74445],