{"\u6210\u534e\u533a": {"water_quality": 0.748983732, "water_index": 0.21025023566936207, "rivers_num": 14, "rivers_area": 1708300, "lakes_num": 2, "lakes_area": 146000, "pollution_area": 114700, "pollution_num": 0, "pollution_qualti": 13.451222472333075, "tatal_num": 25}, "\u5d07\u5dde\u5e02": {"water_quality": 0.45102033, "water_index": 0.15691090299336938, "rivers_num": 73, "rivers_area": 4956100, "lakes_num": 25, "lakes_area": 9416700, "pollution_area": 5800, "pollution_num": 0, "pollution_qualti": 57.918695224307115, "tatal_num": 132}, "\u5927\u9091\u53bf": {"water_quality": 0.55533166, "water_index": 0.07122880495223526, "rivers_num": 35, "rivers_area": 4425700, "lakes_num": 2, "lakes_area": 2262200, "pollution_area": 103500, "pollution_num": 0, "pollution_qualti": 50.06371702775345, "tatal_num": 79}, "\u90fd\u6c5f\u5830\u5e02": {"water_quality": 0.078388968, "water_index": 0.22290799104816603, "rivers_num": 49, "rivers_area": 8284900, "lakes_num": 12, "lakes_area": 12869600, "pollution_area": 0, "pollution_num": 0, "pollution_qualti": 27.286326791257167, "tatal_num": 83}, "\u9ad8\u65b0\u533a": {"water_quality": 0.870012332, "water_index": 0.06184793860098479, "rivers_num": 3, "rivers_area": 1172500, "lakes_num": 4, "lakes_area": 548600, "pollution_area": 17500, "pollution_num": 0, "pollution_qualti": 4.330597587954808, "tatal_num": 8}, "\u7b80\u9633\u5e02": {"water_quality": 0.529374413, "water_index": 0.5870584635064111, "rivers_num": 123, "rivers_area": 37125400, "lakes_num": 41, "lakes_area": 37067100, "pollution_area": 762700, "pollution_num": 0, "pollution_qualti": 128.7964027187664, "tatal_num": 216}, "\u91d1\u725b\u533a": {"water_quality": 0.876012332, "water_index": 0.16634450681164736, "rivers_num": 7, "rivers_area": 1430600, "lakes_num": 2, "lakes_area": 68700, "pollution_area": 30100, "pollution_num": 0, "pollution_qualti": 11.500367888830604, "tatal_num": 21}, "\u91d1\u5802\u53bf": {"water_quality": 0.527548512, "water_index": 0.3927638205797585, "rivers_num": 147, "rivers_area": 25772500, "lakes_num": 21, "lakes_area": 3870700, "pollution_area": 349400, "pollution_num": 0, "pollution_qualti": 126.8909211482986, "tatal_num": 229}, "\u9526\u6c5f\u533a": {"water_quality": 0.122388968, "water_index": 0.5951131665969384, "rivers_num": 5, "rivers_area": 2069000, "lakes_num": 0, "lakes_area": 0, "pollution_area": 0, "pollution_num": 0, "pollution_qualti": 6.561896179900419, "tatal_num": 12}, "\u9f99\u6cc9\u9a7f\u533a": {"water_quality": 0.507194484, "water_index": 0.18490191742027587, "rivers_num": 30, "rivers_area": 3777100, "lakes_num": 8, "lakes_area": 4669900, "pollution_area": 19500, "pollution_num": 0, "pollution_qualti": 28.634731548028007, "tatal_num": 56}, "\u5f6d\u5dde\u5e02": {"water_quality": 0.548602742, "water_index": 0.09990162727167601, "rivers_num": 35, "rivers_area": 8676900, "lakes_num": 11, "lakes_area": 2715000, "pollution_area": 449400, "pollution_num": 0, "pollution_qualti": 34.536541343648935, "tatal_num": 81}, "\u90eb\u90fd\u533a": {"water_quality": 0.477386842, "water_index": 0.1857725165165754, "rivers_num": 27, "rivers_area": 6400100, "lakes_num": 2, "lakes_area": 267500, "pollution_area": 6600, "pollution_num": 0, "pollution_qualti": 19.45453395960519, "tatal_num": 61}, "\u84b2\u6c5f\u53bf": {"water_quality": 0.348218124, "water_index": 0.16147746457793052, "rivers_num": 20, "rivers_area": 3131300, "lakes_num": 22, "lakes_area": 4714500, "pollution_area": 2600, "pollution_num": 0, "pollution_qualti": 24.112077113722517, "tatal_num": 56}, "\u9752\u767d\u6c5f\u533a": {"water_quality": 0.511004993, "water_index": 0.15040748456251146, "rivers_num": 58, "rivers_area": 4144800, "lakes_num": 4, "lakes_area": 662400, "pollution_area": 11500, "pollution_num": 0, "pollution_qualti": 44.93444279293431, "tatal_num": 89}, "\u9752\u7f8a\u533a": {"water_quality": 0.489004993, "water_index": 0.25289896172224086, "rivers_num": 6, "rivers_area": 1299200, "lakes_num": 0, "lakes_area": 0, "pollution_area": 24500, "pollution_num": 0, "pollution_qualti": 5.165139406054459, "tatal_num": 12}, "\u909b\u5d03\u5e02": {"water_quality": 0.521942279, "water_index": 0.16132879169330624, "rivers_num": 61, "rivers_area": 14889000, "lakes_num": 25, "lakes_area": 3817500, "pollution_area": 28500, "pollution_num": 0, "pollution_qualti": 83.826774807218, "tatal_num": 158}, "\u53cc\u6d41\u533a": {"water_quality": 0.515439539, "water_index": 0.21250479920272788, "rivers_num": 23, "rivers_area": 6113400, "lakes_num": 12, "lakes_area": 1762500, "pollution_area": 43900, "pollution_num": 0, "pollution_qualti": 21.014042293925552, "tatal_num": 48}, "\u5929\u5e9c\u65b0\u533a": {"water_quality": 0.522385696, "water_index": 0.41972541038236444, "rivers_num": 110, "rivers_area": 8556300, "lakes_num": 10, "lakes_area": 6536900, "pollution_area": 25000, "pollution_num": 0, "pollution_qualti": 98.23994193351896, "tatal_num": 172}, "\u6e29\u6c5f\u533a": {"water_quality": 0.072388968, "water_index": 0.20513359032312872, "rivers_num": 24, "rivers_area": 4379100, "lakes_num": 1, "lakes_area": 178900, "pollution_area": 0, "pollution_num": 0, "pollution_qualti": 12.005329454466452, "tatal_num": 41}, "\u6b66\u4faf\u533a": {"water_quality": 0.87786586, "water_index": 0.10077796618446207, "rivers_num": 8, "rivers_area": 600800, "lakes_num": 0, "lakes_area": 20400, "pollution_area": 48900, "pollution_num": 0, "pollution_qualti": 7.110946409075285, "tatal_num": 14}, "\u65b0\u90fd\u533a": {"water_quality": 0.118388968, "water_index": 0.16494419531565638, "rivers_num": 27, "rivers_area": 6144200, "lakes_num": 4, "lakes_area": 705000, "pollution_area": 0, "pollution_num": 0, "pollution_qualti": 26.768610652502872, "tatal_num": 51}, "\u65b0\u6d25\u53bf": {"water_quality": 0.514138269, "water_index": 0.7969931012831543, "rivers_num": 29, "rivers_area": 10584500, "lakes_num": 20, "lakes_area": 3828600, "pollution_area": 148000, "pollution_num": 0, "pollution_qualti": 34.028994116081805, "tatal_num": 66}}