{
    "all_area": 654234588,
    "all_river_area": 6767476,
    "all_lake_area": 5320558,
    "rate_in_all": 0.018476604908574477,
    "rate_of_river": 0.010344112225384207,
    "rate_of_lake": 0.008132492683190268
}