{"result": {"\u6210\u534e\u533a": {"water_quality": 0.5925104522382786, "water_index": 0.4887451202935444, "rivers_num": 5, "rivers_area": 1546700, "lakes_num": 32, "lakes_area": 1721500, "pollution_area": 114700, "pollution_num": 0, "pollution_qualti": 0.7928986519867227, "tatal_num": 40}, "\u5d07\u5dde\u5e02": {"water_quality": 0.16702096814185832, "water_index": 0.3282278895795397, "rivers_num": 1, "rivers_area": 1521900, "lakes_num": 128, "lakes_area": 23371400, "pollution_area": 13700, "pollution_num": 0, "pollution_qualti": 0.7208475107297363, "tatal_num": 130}, "\u5927\u9091\u53bf": {"water_quality": 0.162320519867536, "water_index": 0.11754918070252453, "rivers_num": 1, "rivers_area": 4518800, "lakes_num": 98, "lakes_area": 10715900, "pollution_area": 0, "pollution_num": 0, "pollution_qualti": 0.7396577594893137, "tatal_num": 109}, "\u90fd\u6c5f\u5830\u5e02": {"water_quality": 0.15688351709000029, "water_index": 0.4993480963958837, "rivers_num": 6, "rivers_area": 15311100, "lakes_num": 84, "lakes_area": 20897400, "pollution_area": 9600, "pollution_num": 0, "pollution_qualti": 0.6941342336991551, "tatal_num": 139}, "\u9ad8\u65b0\u533a": {"water_quality": 0.1870436259575006, "water_index": 0.07234652274328769, "rivers_num": 2, "rivers_area": 1391100, "lakes_num": 22, "lakes_area": 1360100, "pollution_area": 17500, "pollution_num": 0, "pollution_qualti": 0.7603698490974347, "tatal_num": 31}, "\u7b80\u9633\u5e02": {"water_quality": 0.18404979752922657, "water_index": 0.8183601604989428, "rivers_num": 3, "rivers_area": 30115100, "lakes_num": 441, "lakes_area": 69609200, "pollution_area": 100100, "pollution_num": 0, "pollution_qualti": 0.8095076136505293, "tatal_num": 472}, "\u91d1\u725b\u533a": {"water_quality": 0.7651664120371652, "water_index": 0.31071917118628045, "rivers_num": 6, "rivers_area": 1921500, "lakes_num": 13, "lakes_area": 458000, "pollution_area": 41600, "pollution_num": 0, "pollution_qualti": 0.7623777091258428, "tatal_num": 39}, "\u91d1\u5802\u53bf": {"water_quality": 0.20291547314141467, "water_index": 0.7171893467480613, "rivers_num": 3, "rivers_area": 19219300, "lakes_num": 343, "lakes_area": 26218000, "pollution_area": 124300, "pollution_num": 0, "pollution_qualti": 0.8036169104833067, "tatal_num": 353}, "\u9526\u6c5f\u533a": {"water_quality": 0.1723769362696695, "water_index": 0.8609810262726648, "rivers_num": 4, "rivers_area": 1981700, "lakes_num": 18, "lakes_area": 966400, "pollution_area": 0, "pollution_num": 0, "pollution_qualti": 0.7899398414999811, "tatal_num": 26}, "\u9f99\u6cc9\u9a7f\u533a": {"water_quality": 0.24853636370310891, "water_index": 0.38063821413225907, "rivers_num": 3, "rivers_area": 2784400, "lakes_num": 189, "lakes_area": 11213900, "pollution_area": 89300, "pollution_num": 0, "pollution_qualti": 0.8284290420461264, "tatal_num": 196}, "\u5f6d\u5dde\u5e02": {"water_quality": 0.16921223042314243, "water_index": 0.2178546447435622, "rivers_num": 7, "rivers_area": 17115300, "lakes_num": 99, "lakes_area": 7351300, "pollution_area": 3600, "pollution_num": 0, "pollution_qualti": 0.761260602985188, "tatal_num": 126}, "\u90eb\u90fd\u533a": {"water_quality": 0.16317598825744936, "water_index": 0.451833619777155, "rivers_num": 9, "rivers_area": 10252600, "lakes_num": 46, "lakes_area": 2040900, "pollution_area": 6600, "pollution_num": 0, "pollution_qualti": 0.7097221375037813, "tatal_num": 96}, "\u84b2\u6c5f\u53bf": {"water_quality": 0.16216331182941968, "water_index": 0.37548457887673947, "rivers_num": 1, "rivers_area": 3959900, "lakes_num": 88, "lakes_area": 10489300, "pollution_area": 17900, "pollution_num": 0, "pollution_qualti": 0.7042339143509545, "tatal_num": 112}, "\u9752\u767d\u6c5f\u533a": {"water_quality": 0.2067952320929788, "water_index": 0.3923407623375247, "rivers_num": 3, "rivers_area": 3522600, "lakes_num": 193, "lakes_area": 6187800, "pollution_area": 38100, "pollution_num": 0, "pollution_qualti": 0.8247666839143248, "tatal_num": 200}, "\u9752\u7f8a\u533a": {"water_quality": 0.5707397230588475, "water_index": 0.44734117546991176, "rivers_num": 4, "rivers_area": 1713200, "lakes_num": 6, "lakes_area": 176900, "pollution_area": 24500, "pollution_num": 0, "pollution_qualti": 0.7045268487389991, "tatal_num": 15}, "\u909b\u5d03\u5e02": {"water_quality": 0.18586804010610647, "water_index": 0.3758611235330576, "rivers_num": 6, "rivers_area": 21600300, "lakes_num": 202, "lakes_area": 12900700, "pollution_area": 127800, "pollution_num": 0, "pollution_qualti": 0.7515290562174887, "tatal_num": 304}, "\u53cc\u6d41\u533a": {"water_quality": 0.1996416812319115, "water_index": 0.39575188817053786, "rivers_num": 4, "rivers_area": 7371500, "lakes_num": 55, "lakes_area": 4636400, "pollution_area": 48800, "pollution_num": 0, "pollution_qualti": 0.7398651866855495, "tatal_num": 62}, "\u5929\u5e9c\u65b0\u533a": {"water_quality": 0.19168842955597223, "water_index": 0.8724189303690284, "rivers_num": 4, "rivers_area": 7232700, "lakes_num": 382, "lakes_area": 20530300, "pollution_area": 38100, "pollution_num": 0, "pollution_qualti": 0.8171769235610782, "tatal_num": 407}, "\u6e29\u6c5f\u533a": {"water_quality": 0.155647144116281, "water_index": 0.6491668600675888, "rivers_num": 4, "rivers_area": 9225300, "lakes_num": 26, "lakes_area": 789300, "pollution_area": 0, "pollution_num": 0, "pollution_qualti": 0.7062908807330387, "tatal_num": 39}, "\u6b66\u4faf\u533a": {"water_quality": 0.9470177722754793, "water_index": 0.1894233032099611, "rivers_num": 6, "rivers_area": 1104600, "lakes_num": 2, "lakes_area": 79200, "pollution_area": 43100, "pollution_num": 0, "pollution_qualti": 0.7597248331634846, "tatal_num": 9}, "\u65b0\u90fd\u533a": {"water_quality": 0.17368436117318545, "water_index": 0.32005892815561454, "rivers_num": 7, "rivers_area": 8025300, "lakes_num": 109, "lakes_area": 3139800, "pollution_area": 0, "pollution_num": 0, "pollution_qualti": 0.7964769660175609, "tatal_num": 136}, "\u65b0\u6d25\u53bf": {"water_quality": 0.16167436735170915, "water_index": 0.9849450466760481, "rivers_num": 2, "rivers_area": 10271500, "lakes_num": 112, "lakes_area": 13425400, "pollution_area": 0, "pollution_num": 0, "pollution_qualti": 0.7364269969101794, "tatal_num": 118}}, "month_date": "201903_20190418"}